name,prior_mean,prior_stdev,prior_lower_bound,prior_upper_bound,post_mean,post_stdev,post_lower_bound,post_upper_bound
N_M,1.2,0.4875,0.225,2.175,1.12242,0.481213,0.159997,2.08485
TCS_M,1,0.425,0.15,1.85,1.00383,0.424908,0.154011,1.85364
AF_M,0.05,0.02,0.01,0.09,0.02,0.0199995,-0.0199989,0.0599989
AF_P,0.005,0.002,0.001,0.009,0.002,0.00199993,-0.00199986,0.00599986
