,model_runs_completed,total_phi,measurement_phi,regularization_phi,temp,mois
0,0,0.0196743,0.0196743,0,0.00983741,0.00983693
1,23,0.0196159,0.0196159,0,0.00983901,0.00977687
2,45,0.0193356,0.0193356,0,0.00982641,0.00950917
3,79,0.0193347,0.0193347,0,0.00982527,0.00950944
4,113,0.0183515,0.0183515,0,0.00977381,0.00857767
5,147,0.0183474,0.0183474,0,0.00977566,0.00857175
6,181,0.0183462,0.0183462,0,0.00977434,0.0085719
