,model_runs_completed,total_phi,measurement_phi,regularization_phi,temp,mois
0,0,0.00356352,0.00356352,0,0.00178176,0.00178176
1,32,0.00344926,0.00344926,0,0.00176457,0.0016847
2,63,0.00323835,0.00323835,0,0.00173184,0.00150651
3,115,0.00323824,0.00323824,0,0.00173166,0.00150658
4,167,0.00323824,0.00323824,0,0.00173166,0.00150658
